type,DemandScore,QualityScore
Computers&Accessories,0.4898132613990578,0.9641015981282469
Electronics,1.0,0.9471124291341273
Home&Kitchen,0.1895619376015283,0.9375912604321559
OfficeProducts,0.009485800230789978,1.0
